Time(s),Node,RSSI(dBm),TransmissionPower(dBm),PacketCount,BatteryLevel(%)
1,0,-87,20,0,99.5
1,1,-84,10,0,99.8
1,2,-73,10,0,99.8
1,3,-75,10,0,99.8
1,4,-77,10,0,99.8
1,5,-75,10,0,99.8
1,6,-84,10,0,99.8
1,7,-78,10,0,99.8
1,8,-81,10,0,99.8
1,9,-89,20,0,99.5
1,10,-88,20,0,99.5
1,11,-83,10,0,99.8
1,12,-80,10,0,99.8
1,13,-71,10,0,99.8
1,14,-87,20,0,99.5
1,15,-84,10,0,99.8
1,16,-90,20,0,99.5
1,17,-84,10,0,99.8
1,18,-78,10,0,99.8
1,19,-74,10,0,99.8
2,0,-79,10,0,99.3
2,1,-82,10,0,99.6
2,2,-83,10,0,99.6
2,3,-81,10,0,99.6
2,4,-88,20,0,99.3
2,5,-80,10,0,99.6
2,6,-88,20,0,99.3
2,7,-87,20,0,99.3
2,8,-83,10,0,99.6
2,9,-75,10,0,99.3
2,10,-81,10,0,99.3
2,11,-88,20,0,99.3
2,12,-88,20,0,99.3
2,13,-72,10,0,99.6
2,14,-81,10,0,99.3
2,15,-83,10,0,99.6
2,16,-77,10,0,99.3
2,17,-74,10,0,99.6
2,18,-79,10,0,99.6
2,19,-88,20,0,99.3
3,0,-81,10,0,99.1
3,1,-77,10,0,99.4
3,2,-89,20,0,99.1
3,3,-71,10,0,99.4
3,4,-86,20,0,98.8
3,5,-73,10,0,99.4
3,6,-72,10,0,99.1
3,7,-86,20,0,98.8
3,8,-75,10,0,99.4
3,9,-80,10,0,99.1
3,10,-77,10,0,99.1
3,11,-84,10,0,99.1
3,12,-79,10,0,99.1
3,13,-90,20,0,99.1
3,14,-74,10,0,99.1
3,15,-77,10,0,99.4
3,16,-88,20,0,98.8
3,17,-80,10,0,99.4
3,18,-74,10,0,99.4
3,19,-89,20,0,98.8
4,0,-85,10,0,98.9
4,1,-85,10,0,99.2
4,2,-86,20,0,98.6
4,3,-83,10,0,99.2
4,4,-74,10,0,98.6
4,5,-85,10,0,99.2
4,6,-84,10,0,98.9
4,7,-81,10,0,98.6
4,8,-77,10,0,99.2
4,9,-73,10,0,98.9
4,10,-86,20,0,98.6
4,11,-75,10,0,98.9
4,12,-88,20,0,98.6
4,13,-85,10,0,98.9
4,14,-76,10,0,98.9
4,15,-83,10,0,99.2
4,16,-76,10,0,98.6
4,17,-86,20,0,98.9
4,18,-87,20,0,98.9
4,19,-80,10,0,98.6
5,0,-83,10,0,98.7
5,1,-82,10,0,99
5,2,-74,10,0,98.4
5,3,-72,10,0,99
5,4,-82,10,0,98.4
5,5,-86,20,0,98.7
5,6,-87,20,0,98.4
5,7,-79,10,0,98.4
5,8,-76,10,0,99
5,9,-71,10,0,98.7
5,10,-78,10,0,98.4
5,11,-90,20,0,98.4
5,12,-74,10,0,98.4
5,13,-82,10,0,98.7
5,14,-71,10,0,98.7
5,15,-78,10,0,99
5,16,-84,10,0,98.4
5,17,-84,10,0,98.7
5,18,-76,10,0,98.7
5,19,-71,10,0,98.4
6,0,-75,10,0,98.5
6,1,-80,10,0,98.8
6,2,-76,10,0,98.2
6,3,-72,10,0,98.8
6,4,-83,10,0,98.2
6,5,-89,20,0,98.2
6,6,-73,10,0,98.2
6,7,-88,20,0,97.9
6,8,-73,10,0,98.8
6,9,-78,10,0,98.5
6,10,-78,10,0,98.2
6,11,-74,10,0,98.2
6,12,-89,20,0,97.9
6,13,-90,20,0,98.2
6,14,-84,10,0,98.5
6,15,-89,20,0,98.5
6,16,-85,10,0,98.2
6,17,-81,10,0,98.5
6,18,-86,20,0,98.2
6,19,-71,10,0,98.2
7,0,-90,20,0,98
7,1,-81,10,0,98.6
7,2,-79,10,0,98
7,3,-73,10,0,98.6
7,4,-73,10,0,98
7,5,-79,10,0,98
7,6,-89,20,0,97.7
7,7,-75,10,0,97.7
7,8,-81,10,0,98.6
7,9,-83,10,0,98.3
7,10,-83,10,0,98
7,11,-74,10,0,98
7,12,-73,10,0,97.7
7,13,-77,10,0,98
7,14,-84,10,0,98.3
7,15,-85,10,0,98.3
7,16,-84,10,0,98
7,17,-87,20,0,98
7,18,-71,10,0,98
7,19,-86,20,0,97.7
8,0,-82,10,0,97.8
8,1,-79,10,0,98.4
8,2,-78,10,0,97.8
8,3,-81,10,0,98.4
8,4,-87,20,0,97.5
8,5,-71,10,0,97.8
8,6,-80,10,0,97.5
8,7,-82,10,0,97.5
8,8,-82,10,0,98.4
8,9,-75,10,0,98.1
8,10,-90,20,0,97.5
8,11,-81,10,0,97.8
8,12,-74,10,0,97.5
8,13,-87,20,0,97.5
8,14,-72,10,0,98.1
8,15,-85,10,0,98.1
8,16,-84,10,0,97.8
8,17,-79,10,0,97.8
8,18,-89,20,0,97.5
8,19,-75,10,0,97.5
9,0,-71,10,0,97.6
9,1,-82,10,0,98.2
9,2,-86,20,0,97.3
9,3,-82,10,0,98.2
9,4,-89,20,0,97
9,5,-80,10,0,97.6
9,6,-77,10,0,97.3
9,7,-90,20,0,97
9,8,-76,10,0,98.2
9,9,-86,20,0,97.6
9,10,-86,20,0,97
9,11,-76,10,0,97.6
9,12,-83,10,0,97.3
9,13,-74,10,0,97.3
9,14,-87,20,0,97.6
9,15,-79,10,0,97.9
9,16,-83,10,0,97.6
9,17,-85,10,0,97.6
9,18,-71,10,0,97.3
9,19,-74,10,0,97.3
10,0,-78,10,0,97.4
10,1,-79,10,0,98
10,2,-73,10,0,97.1
10,3,-82,10,0,98
10,4,-75,10,0,96.8
10,5,-83,10,0,97.4
10,6,-76,10,0,97.1
10,7,-89,20,0,96.5
10,8,-72,10,0,98
10,9,-75,10,0,97.4
10,10,-81,10,0,96.8
10,11,-73,10,0,97.4
10,12,-75,10,0,97.1
10,13,-77,10,0,97.1
10,14,-72,10,0,97.4
10,15,-82,10,0,97.7
10,16,-87,20,0,97.1
10,17,-79,10,0,97.4
10,18,-82,10,0,97.1
10,19,-81,10,0,97.1
11,0,-74,10,0,97.2
11,1,-86,20,0,97.5
11,2,-87,20,0,96.6
11,3,-87,20,0,97.5
11,4,-77,10,0,96.6
11,5,-72,10,0,97.2
11,6,-84,10,0,96.9
11,7,-90,20,0,96
11,8,-86,20,0,97.5
11,9,-72,10,0,97.2
11,10,-82,10,0,96.6
11,11,-82,10,0,97.2
11,12,-81,10,0,96.9
11,13,-73,10,0,96.9
11,14,-73,10,0,97.2
11,15,-74,10,0,97.5
11,16,-86,20,0,96.6
11,17,-87,20,0,96.9
11,18,-80,10,0,96.9
11,19,-87,20,0,96.6
12,0,-80,10,0,97
12,1,-71,10,0,97.3
12,2,-78,10,0,96.4
12,3,-85,10,0,97.3
12,4,-86,20,0,96.1
12,5,-80,10,0,97
12,6,-85,10,0,96.7
12,7,-71,10,0,95.8
12,8,-76,10,0,97.3
12,9,-84,10,0,97
12,10,-81,10,0,96.4
12,11,-88,20,0,96.7
12,12,-88,20,0,96.4
12,13,-86,20,0,96.4
12,14,-73,10,0,97
12,15,-83,10,0,97.3
12,16,-75,10,0,96.4
12,17,-86,20,0,96.4
12,18,-82,10,0,96.7
12,19,-79,10,0,96.4
13,0,-88,20,0,96.5
13,1,-82,10,0,97.1
13,2,-71,10,0,96.2
13,3,-87,20,0,96.8
13,4,-84,10,0,95.9
13,5,-82,10,0,96.8
13,6,-90,20,0,96.2
13,7,-88,20,0,95.3
13,8,-79,10,0,97.1
13,9,-80,10,0,96.8
13,10,-85,10,0,96.2
13,11,-89,20,0,96.2
13,12,-89,20,0,95.9
13,13,-80,10,0,96.2
13,14,-72,10,0,96.8
13,15,-85,10,0,97.1
13,16,-90,20,0,95.9
13,17,-74,10,0,96.2
13,18,-86,20,0,96.2
13,19,-84,10,0,96.2
14,0,-88,20,0,96
14,1,-85,10,0,96.9
14,2,-82,10,0,96
14,3,-74,10,0,96.6
14,4,-88,20,0,95.4
14,5,-72,10,0,96.6
14,6,-86,20,0,95.7
14,7,-73,10,0,95.1
14,8,-88,20,0,96.6
14,9,-86,20,0,96.3
14,10,-90,20,0,95.7
14,11,-74,10,0,96
14,12,-78,10,0,95.7
14,13,-71,10,0,96
14,14,-71,10,0,96.6
14,15,-80,10,0,96.9
14,16,-82,10,0,95.7
14,17,-79,10,0,96
14,18,-77,10,0,96
14,19,-79,10,0,96
15,0,-89,20,0,95.5
15,1,-80,10,0,96.7
15,2,-77,10,0,95.8
15,3,-76,10,0,96.4
15,4,-90,20,0,94.9
15,5,-87,20,0,96.1
15,6,-71,10,0,95.5
15,7,-89,20,0,94.6
15,8,-71,10,0,96.4
15,9,-74,10,0,96.1
15,10,-71,10,0,95.5
15,11,-77,10,0,95.8
15,12,-77,10,0,95.5
15,13,-82,10,0,95.8
15,14,-80,10,0,96.4
15,15,-75,10,0,96.7
15,16,-84,10,0,95.5
15,17,-84,10,0,95.8
15,18,-86,20,0,95.5
15,19,-90,20,0,95.5
16,0,-80,10,0,95.3
16,1,-86,20,0,96.2
16,2,-74,10,0,95.6
16,3,-88,20,0,95.9
16,4,-74,10,0,94.7
16,5,-83,10,0,95.9
16,6,-85,10,0,95.3
16,7,-74,10,0,94.4
16,8,-71,10,0,96.2
16,9,-72,10,0,95.9
16,10,-83,10,0,95.3
16,11,-78,10,0,95.6
16,12,-82,10,0,95.3
16,13,-78,10,0,95.6
16,14,-71,10,0,96.2
16,15,-81,10,0,96.5
16,16,-74,10,0,95.3
16,17,-80,10,0,95.6
16,18,-88,20,0,95
16,19,-83,10,0,95.3
17,0,-84,10,0,95.1
17,1,-89,20,0,95.7
17,2,-77,10,0,95.4
17,3,-78,10,0,95.7
17,4,-89,20,0,94.2
17,5,-75,10,0,95.7
17,6,-71,10,0,95.1
17,7,-71,10,0,94.2
17,8,-89,20,0,95.7
17,9,-86,20,0,95.4
17,10,-71,10,0,95.1
17,11,-79,10,0,95.4
17,12,-90,20,0,94.8
17,13,-83,10,0,95.4
17,14,-85,10,0,96
17,15,-82,10,0,96.3
17,16,-83,10,0,95.1
17,17,-80,10,0,95.4
17,18,-86,20,0,94.5
17,19,-72,10,0,95.1
18,0,-90,20,0,94.6
18,1,-86,20,0,95.2
18,2,-88,20,0,94.9
18,3,-81,10,0,95.5
18,4,-74,10,0,94
18,5,-89,20,0,95.2
18,6,-80,10,0,94.9
18,7,-86,20,0,93.7
18,8,-78,10,0,95.5
18,9,-78,10,0,95.2
18,10,-78,10,0,94.9
18,11,-80,10,0,95.2
18,12,-85,10,0,94.6
18,13,-85,10,0,95.2
18,14,-88,20,0,95.5
18,15,-71,10,0,96.1
18,16,-90,20,0,94.6
18,17,-88,20,0,94.9
18,18,-72,10,0,94.3
18,19,-77,10,0,94.9
19,0,-72,10,0,94.4
19,1,-80,10,0,95
19,2,-86,20,0,94.4
19,3,-80,10,0,95.3
19,4,-81,10,0,93.8
19,5,-89,20,0,94.7
19,6,-71,10,0,94.7
19,7,-74,10,0,93.5
19,8,-78,10,0,95.3
19,9,-75,10,0,95
19,10,-76,10,0,94.7
19,11,-86,20,0,94.7
19,12,-71,10,0,94.4
19,13,-81,10,0,95
19,14,-77,10,0,95.3
19,15,-74,10,0,95.9
19,16,-80,10,0,94.4
19,17,-75,10,0,94.7
19,18,-90,20,0,93.8
19,19,-88,20,0,94.4
20,0,-71,10,0,94.2
20,1,-86,20,0,94.5
20,2,-77,10,0,94.2
20,3,-85,10,0,95.1
20,4,-89,20,0,93.3
20,5,-83,10,0,94.5
20,6,-86,20,0,94.2
20,7,-77,10,0,93.3
20,8,-89,20,0,94.8
20,9,-76,10,0,94.8
20,10,-84,10,0,94.5
20,11,-71,10,0,94.5
20,12,-86,20,0,93.9
20,13,-88,20,0,94.5
20,14,-88,20,0,94.8
20,15,-84,10,0,95.7
20,16,-86,20,0,93.9
20,17,-89,20,0,94.2
20,18,-88,20,0,93.3
20,19,-82,10,0,94.2
21,0,-82,10,0,94
21,1,-81,10,0,94.3
21,2,-78,10,0,94
21,3,-82,10,0,94.9
21,4,-72,10,0,93.1
21,5,-72,10,0,94.3
21,6,-74,10,0,94
21,7,-82,10,0,93.1
21,8,-77,10,0,94.6
21,9,-82,10,0,94.6
21,10,-87,20,0,94
21,11,-77,10,0,94.3
21,12,-77,10,0,93.7
21,13,-82,10,0,94.3
21,14,-80,10,0,94.6
21,15,-76,10,0,95.5
21,16,-83,10,0,93.7
21,17,-84,10,0,94
21,18,-82,10,0,93.1
21,19,-81,10,0,94
22,0,-90,20,0,93.5
22,1,-84,10,0,94.1
22,2,-82,10,0,93.8
22,3,-73,10,0,94.7
22,4,-81,10,0,92.9
22,5,-80,10,0,94.1
22,6,-87,20,0,93.5
22,7,-77,10,0,92.9
22,8,-87,20,0,94.1
22,9,-73,10,0,94.4
22,10,-77,10,0,93.8
22,11,-78,10,0,94.1
22,12,-84,10,0,93.5
22,13,-85,10,0,94.1
22,14,-78,10,0,94.4
22,15,-74,10,0,95.3
22,16,-75,10,0,93.5
22,17,-82,10,0,93.8
22,18,-73,10,0,92.9
22,19,-81,10,0,93.8
23,0,-74,10,0,93.3
23,1,-90,20,0,93.6
23,2,-76,10,0,93.6
23,3,-89,20,0,94.2
23,4,-90,20,0,92.4
23,5,-86,20,0,93.6
23,6,-82,10,0,93.3
23,7,-83,10,0,92.7
23,8,-80,10,0,93.9
23,9,-82,10,0,94.2
23,10,-74,10,0,93.6
23,11,-88,20,0,93.6
23,12,-76,10,0,93.3
23,13,-73,10,0,93.9
23,14,-71,10,0,94.2
23,15,-87,20,0,94.8
23,16,-71,10,0,93.3
23,17,-88,20,0,93.3
23,18,-82,10,0,92.7
23,19,-87,20,0,93.3
24,0,-90,20,0,92.8
24,1,-89,20,0,93.1
24,2,-83,10,0,93.4
24,3,-72,10,0,94
24,4,-71,10,0,92.2
24,5,-79,10,0,93.4
24,6,-75,10,0,93.1
24,7,-76,10,0,92.5
24,8,-71,10,0,93.7
24,9,-78,10,0,94
24,10,-75,10,0,93.4
24,11,-83,10,0,93.4
24,12,-86,20,0,92.8
24,13,-81,10,0,93.7
24,14,-81,10,0,94
24,15,-86,20,0,94.3
24,16,-85,10,0,93.1
24,17,-81,10,0,93.1
24,18,-87,20,0,92.2
24,19,-75,10,0,93.1
25,0,-73,10,0,92.6
25,1,-90,20,0,92.6
25,2,-72,10,0,93.2
25,3,-79,10,0,93.8
25,4,-81,10,0,92
25,5,-81,10,0,93.2
25,6,-83,10,0,92.9
25,7,-82,10,0,92.3
25,8,-78,10,0,93.5
25,9,-75,10,0,93.8
25,10,-87,20,0,92.9
25,11,-86,20,0,92.9
25,12,-81,10,0,92.6
25,13,-80,10,0,93.5
25,14,-88,20,0,93.5
25,15,-90,20,0,93.8
25,16,-89,20,0,92.6
25,17,-81,10,0,92.9
25,18,-84,10,0,92
25,19,-78,10,0,92.9
26,0,-89,20,0,92.1
26,1,-88,20,0,92.1
26,2,-90,20,0,92.7
26,3,-73,10,0,93.6
26,4,-87,20,0,91.5
26,5,-89,20,0,92.7
26,6,-89,20,0,92.4
26,7,-81,10,0,92.1
26,8,-80,10,0,93.3
26,9,-85,10,0,93.6
26,10,-74,10,0,92.7
26,11,-83,10,0,92.7
26,12,-73,10,0,92.4
26,13,-76,10,0,93.3
26,14,-80,10,0,93.3
26,15,-84,10,0,93.6
26,16,-86,20,0,92.1
26,17,-73,10,0,92.7
26,18,-76,10,0,91.8
26,19,-82,10,0,92.7
27,0,-85,10,0,91.9
27,1,-72,10,0,91.9
27,2,-78,10,0,92.5
27,3,-84,10,0,93.4
27,4,-90,20,0,91
27,5,-84,10,0,92.5
27,6,-84,10,0,92.2
27,7,-76,10,0,91.9
27,8,-74,10,0,93.1
27,9,-78,10,0,93.4
27,10,-72,10,0,92.5
27,11,-81,10,0,92.5
27,12,-84,10,0,92.2
27,13,-80,10,0,93.1
27,14,-83,10,0,93.1
27,15,-80,10,0,93.4
27,16,-79,10,0,91.9
27,17,-90,20,0,92.2
27,18,-79,10,0,91.6
27,19,-77,10,0,92.5
28,0,-73,10,0,91.7
28,1,-83,10,0,91.7
28,2,-78,10,0,92.3
28,3,-84,10,0,93.2
28,4,-76,10,0,90.8
28,5,-75,10,0,92.3
28,6,-78,10,0,92
28,7,-80,10,0,91.7
28,8,-78,10,0,92.9
28,9,-71,10,0,93.2
28,10,-80,10,0,92.3
28,11,-81,10,0,92.3
28,12,-81,10,0,92
28,13,-76,10,0,92.9
28,14,-75,10,0,92.9
28,15,-89,20,0,92.9
28,16,-90,20,0,91.4
28,17,-77,10,0,92
28,18,-83,10,0,91.4
28,19,-82,10,0,92.3
29,0,-72,10,0,91.5
29,1,-84,10,0,91.5
29,2,-80,10,0,92.1
29,3,-86,20,0,92.7
29,4,-74,10,0,90.6
29,5,-73,10,0,92.1
29,6,-84,10,0,91.8
29,7,-90,20,0,91.2
29,8,-81,10,0,92.7
29,9,-73,10,0,93
29,10,-85,10,0,92.1
29,11,-71,10,0,92.1
29,12,-73,10,0,91.8
29,13,-72,10,0,92.7
29,14,-85,10,0,92.7
29,15,-87,20,0,92.4
29,16,-77,10,0,91.2
29,17,-72,10,0,91.8
29,18,-77,10,0,91.2
29,19,-73,10,0,92.1
30,0,-81,10,0,91.3
30,1,-87,20,0,91
30,2,-83,10,0,91.9
30,3,-72,10,0,92.5
30,4,-73,10,0,90.4
30,5,-76,10,0,91.9
30,6,-79,10,0,91.6
30,7,-81,10,0,91
30,8,-90,20,0,92.2
30,9,-71,10,0,92.8
30,10,-72,10,0,91.9
30,11,-72,10,0,91.9
30,12,-85,10,0,91.6
30,13,-82,10,0,92.5
30,14,-76,10,0,92.5
30,15,-77,10,0,92.2
30,16,-73,10,0,91
30,17,-89,20,0,91.3
30,18,-77,10,0,91
30,19,-72,10,0,91.9
31,0,-80,10,0,91.1
31,1,-71,10,0,90.8
31,2,-73,10,0,91.7
31,3,-71,10,0,92.3
31,4,-81,10,0,90.2
31,5,-87,20,0,91.4
31,6,-88,20,0,91.1
31,7,-76,10,0,90.8
31,8,-77,10,0,92
31,9,-83,10,0,92.6
31,10,-79,10,0,91.7
31,11,-88,20,0,91.4
31,12,-88,20,0,91.1
31,13,-80,10,0,92.3
31,14,-78,10,0,92.3
31,15,-79,10,0,92
31,16,-73,10,0,90.8
31,17,-75,10,0,91.1
31,18,-89,20,0,90.5
31,19,-73,10,0,91.7
32,0,-76,10,0,90.9
32,1,-79,10,0,90.6
32,2,-83,10,0,91.5
32,3,-79,10,0,92.1
32,4,-79,10,0,90
32,5,-89,20,0,90.9
32,6,-73,10,0,90.9
32,7,-90,20,0,90.3
32,8,-76,10,0,91.8
32,9,-80,10,0,92.4
32,10,-72,10,0,91.5
32,11,-85,10,0,91.2
32,12,-89,20,0,90.6
32,13,-74,10,0,92.1
32,14,-74,10,0,92.1
32,15,-88,20,0,91.5
32,16,-79,10,0,90.6
32,17,-71,10,0,90.9
32,18,-74,10,0,90.3
32,19,-86,20,0,91.2
33,0,-72,10,0,90.7
33,1,-90,20,0,90.1
33,2,-72,10,0,91.3
33,3,-89,20,0,91.6
33,4,-80,10,0,89.8
33,5,-88,20,0,90.4
33,6,-78,10,0,90.7
33,7,-71,10,0,90.1
33,8,-73,10,0,91.6
33,9,-85,10,0,92.2
33,10,-74,10,0,91.3
33,11,-86,20,0,90.7
33,12,-74,10,0,90.4
33,13,-87,20,0,91.6
33,14,-83,10,0,91.9
33,15,-71,10,0,91.3
33,16,-73,10,0,90.4
33,17,-86,20,0,90.4
33,18,-71,10,0,90.1
33,19,-79,10,0,91
34,0,-83,10,0,90.5
34,1,-80,10,0,89.9
34,2,-74,10,0,91.1
34,3,-90,20,0,91.1
34,4,-72,10,0,89.6
34,5,-85,10,0,90.2
34,6,-87,20,0,90.2
34,7,-81,10,0,89.9
34,8,-86,20,0,91.1
34,9,-79,10,0,92
34,10,-85,10,0,91.1
34,11,-76,10,0,90.5
34,12,-79,10,0,90.2
34,13,-75,10,0,91.4
34,14,-75,10,0,91.7
34,15,-76,10,0,91.1
34,16,-81,10,0,90.2
34,17,-82,10,0,90.2
34,18,-77,10,0,89.9
34,19,-72,10,0,90.8
35,0,-85,10,0,90.3
35,1,-88,20,0,89.4
35,2,-88,20,0,90.6
35,3,-88,20,0,90.6
35,4,-73,10,0,89.4
35,5,-80,10,0,90
35,6,-77,10,0,90
35,7,-76,10,0,89.7
35,8,-84,10,0,90.9
35,9,-77,10,0,91.8
35,10,-84,10,0,90.9
35,11,-77,10,0,90.3
35,12,-87,20,0,89.7
35,13,-76,10,0,91.2
35,14,-76,10,0,91.5
35,15,-77,10,0,90.9
35,16,-71,10,0,90
35,17,-73,10,0,90
35,18,-88,20,0,89.4
35,19,-75,10,0,90.6
36,0,-82,10,0,90.1
36,1,-71,10,0,89.2
36,2,-80,10,0,90.4
36,3,-78,10,0,90.4
36,4,-76,10,0,89.2
36,5,-73,10,0,89.8
36,6,-84,10,0,89.8
36,7,-75,10,0,89.5
36,8,-73,10,0,90.7
36,9,-79,10,0,91.6
36,10,-77,10,0,90.7
36,11,-87,20,0,89.8
36,12,-77,10,0,89.5
36,13,-82,10,0,91
36,14,-85,10,0,91.3
36,15,-79,10,0,90.7
36,16,-80,10,0,89.8
36,17,-72,10,0,89.8
36,18,-73,10,0,89.2
36,19,-74,10,0,90.4
37,0,-87,20,0,89.6
37,1,-75,10,0,89
37,2,-80,10,0,90.2
37,3,-72,10,0,90.2
37,4,-80,10,0,89
37,5,-86,20,0,89.3
37,6,-79,10,0,89.6
37,7,-89,20,0,89
37,8,-77,10,0,90.5
37,9,-85,10,0,91.4
37,10,-81,10,0,90.5
37,11,-77,10,0,89.6
37,12,-86,20,0,89
37,13,-79,10,0,90.8
37,14,-85,10,0,91.1
37,15,-80,10,0,90.5
37,16,-82,10,0,89.6
37,17,-87,20,0,89.3
37,18,-85,10,0,89
37,19,-84,10,0,90.2
38,0,-75,10,0,89.4
38,1,-71,10,0,88.8
38,2,-81,10,0,90
38,3,-90,20,0,89.7
38,4,-83,10,0,88.8
38,5,-84,10,0,89.1
38,6,-87,20,0,89.1
38,7,-73,10,0,88.8
38,8,-74,10,0,90.3
38,9,-89,20,0,90.9
38,10,-85,10,0,90.3
38,11,-90,20,0,89.1
38,12,-74,10,0,88.8
38,13,-75,10,0,90.6
38,14,-80,10,0,90.9
38,15,-72,10,0,90.3
38,16,-79,10,0,89.4
38,17,-88,20,0,88.8
38,18,-78,10,0,88.8
38,19,-74,10,0,90
39,0,-71,10,0,89.2
39,1,-89,20,0,88.3
39,2,-80,10,0,89.8
39,3,-86,20,0,89.2
39,4,-78,10,0,88.6
39,5,-83,10,0,88.9
39,6,-76,10,0,88.9
39,7,-90,20,0,88.3
39,8,-87,20,0,89.8
39,9,-78,10,0,90.7
39,10,-72,10,0,90.1
39,11,-80,10,0,88.9
39,12,-87,20,0,88.3
39,13,-83,10,0,90.4
39,14,-80,10,0,90.7
39,15,-80,10,0,90.1
39,16,-77,10,0,89.2
39,17,-76,10,0,88.6
39,18,-71,10,0,88.6
39,19,-88,20,0,89.5
40,0,-83,10,0,89
40,1,-86,20,0,87.8
40,2,-88,20,0,89.3
40,3,-75,10,0,89
40,4,-78,10,0,88.4
40,5,-86,20,0,88.4
40,6,-76,10,0,88.7
40,7,-87,20,0,87.8
40,8,-72,10,0,89.6
40,9,-84,10,0,90.5
40,10,-90,20,0,89.6
40,11,-72,10,0,88.7
40,12,-71,10,0,88.1
40,13,-88,20,0,89.9
40,14,-88,20,0,90.2
40,15,-87,20,0,89.6
40,16,-89,20,0,88.7
40,17,-82,10,0,88.4
40,18,-87,20,0,88.1
40,19,-86,20,0,89
41,0,-78,10,0,88.8
41,1,-88,20,0,87.3
41,2,-76,10,0,89.1
41,3,-75,10,0,88.8
41,4,-89,20,0,87.9
41,5,-73,10,0,88.2
41,6,-85,10,0,88.5
41,7,-83,10,0,87.6
41,8,-79,10,0,89.4
41,9,-74,10,0,90.3
41,10,-81,10,0,89.4
41,11,-72,10,0,88.5
41,12,-89,20,0,87.6
41,13,-87,20,0,89.4
41,14,-77,10,0,90
41,15,-77,10,0,89.4
41,16,-83,10,0,88.5
41,17,-71,10,0,88.2
41,18,-82,10,0,87.9
41,19,-84,10,0,88.8
42,0,-73,10,0,88.6
42,1,-90,20,0,86.8
42,2,-86,20,0,88.6
42,3,-82,10,0,88.6
42,4,-76,10,0,87.7
42,5,-72,10,0,88
42,6,-79,10,0,88.3
42,7,-74,10,0,87.4
42,8,-72,10,0,89.2
42,9,-75,10,0,90.1
42,10,-78,10,0,89.2
42,11,-79,10,0,88.3
42,12,-81,10,0,87.4
42,13,-71,10,0,89.2
42,14,-84,10,0,89.8
42,15,-80,10,0,89.2
42,16,-74,10,0,88.3
42,17,-86,20,0,87.7
42,18,-81,10,0,87.7
42,19,-71,10,0,88.6
43,0,-90,20,0,88.1
43,1,-72,10,0,86.6
43,2,-81,10,0,88.4
43,3,-77,10,0,88.4
43,4,-89,20,0,87.2
43,5,-76,10,0,87.8
43,6,-72,10,0,88.1
43,7,-81,10,0,87.2
43,8,-84,10,0,89
43,9,-83,10,0,89.9
43,10,-83,10,0,89
43,11,-87,20,0,87.8
43,12,-83,10,0,87.2
43,13,-79,10,0,89
43,14,-78,10,0,89.6
43,15,-88,20,0,88.7
43,16,-89,20,0,87.8
43,17,-75,10,0,87.5
43,18,-80,10,0,87.5
43,19,-71,10,0,88.4
44,0,-80,10,0,87.9
44,1,-76,10,0,86.4
44,2,-80,10,0,88.2
44,3,-79,10,0,88.2
44,4,-77,10,0,87
44,5,-73,10,0,87.6
44,6,-76,10,0,87.9
44,7,-89,20,0,86.7
44,8,-89,20,0,88.5
44,9,-87,20,0,89.4
44,10,-90,20,0,88.5
44,11,-77,10,0,87.6
44,12,-88,20,0,86.7
44,13,-89,20,0,88.5
44,14,-83,10,0,89.4
44,15,-75,10,0,88.5
44,16,-74,10,0,87.6
44,17,-85,10,0,87.3
44,18,-86,20,0,87
44,19,-88,20,0,87.9
45,0,-78,10,0,87.7
45,1,-79,10,0,86.2
45,2,-73,10,0,88
45,3,-78,10,0,88
45,4,-76,10,0,86.8
45,5,-89,20,0,87.1
45,6,-84,10,0,87.7
45,7,-75,10,0,86.5
45,8,-73,10,0,88.3
45,9,-82,10,0,89.2
45,10,-75,10,0,88.3
45,11,-71,10,0,87.4
45,12,-88,20,0,86.2
45,13,-73,10,0,88.3
45,14,-87,20,0,88.9
45,15,-74,10,0,88.3
45,16,-76,10,0,87.4
45,17,-73,10,0,87.1
45,18,-81,10,0,86.8
45,19,-83,10,0,87.7
46,0,-78,10,0,87.5
46,1,-88,20,0,85.7
46,2,-89,20,0,87.5
46,3,-84,10,0,87.8
46,4,-87,20,0,86.3
46,5,-90,20,0,86.6
46,6,-88,20,0,87.2
46,7,-79,10,0,86.3
46,8,-85,10,0,88.1
46,9,-84,10,0,89
46,10,-85,10,0,88.1
46,11,-80,10,0,87.2
46,12,-80,10,0,86
46,13,-87,20,0,87.8
46,14,-76,10,0,88.7
46,15,-74,10,0,88.1
46,16,-74,10,0,87.2
46,17,-90,20,0,86.6
46,18,-78,10,0,86.6
46,19,-85,10,0,87.5
47,0,-82,10,0,87.3
47,1,-71,10,0,85.5
47,2,-85,10,0,87.3
47,3,-80,10,0,87.6
47,4,-74,10,0,86.1
47,5,-90,20,0,86.1
47,6,-72,10,0,87
47,7,-87,20,0,85.8
47,8,-73,10,0,87.9
47,9,-82,10,0,88.8
47,10,-88,20,0,87.6
47,11,-89,20,0,86.7
47,12,-80,10,0,85.8
47,13,-75,10,0,87.6
47,14,-82,10,0,88.5
47,15,-85,10,0,87.9
47,16,-75,10,0,87
47,17,-80,10,0,86.4
47,18,-73,10,0,86.4
47,19,-77,10,0,87.3
48,0,-82,10,0,87.1
48,1,-88,20,0,85
48,2,-87,20,0,86.8
48,3,-80,10,0,87.4
48,4,-73,10,0,85.9
48,5,-73,10,0,85.9
48,6,-83,10,0,86.8
48,7,-84,10,0,85.6
48,8,-81,10,0,87.7
48,9,-79,10,0,88.6
48,10,-79,10,0,87.4
48,11,-81,10,0,86.5
48,12,-80,10,0,85.6
48,13,-82,10,0,87.4
48,14,-71,10,0,88.3
48,15,-72,10,0,87.7
48,16,-82,10,0,86.8
48,17,-80,10,0,86.2
48,18,-77,10,0,86.2
48,19,-73,10,0,87.1
49,0,-80,10,0,86.9
49,1,-74,10,0,84.8
49,2,-71,10,0,86.6
49,3,-78,10,0,87.2
49,4,-79,10,0,85.7
49,5,-83,10,0,85.7
49,6,-73,10,0,86.6
49,7,-71,10,0,85.4
49,8,-73,10,0,87.5
49,9,-84,10,0,88.4
49,10,-78,10,0,87.2
49,11,-73,10,0,86.3
49,12,-89,20,0,85.1
49,13,-75,10,0,87.2
49,14,-82,10,0,88.1
49,15,-72,10,0,87.5
49,16,-86,20,0,86.3
49,17,-75,10,0,86
49,18,-74,10,0,86
49,19,-85,10,0,86.9
50,0,-84,10,0,86.7
50,1,-82,10,0,84.6
50,2,-76,10,0,86.4
50,3,-82,10,0,87
50,4,-82,10,0,85.5
50,5,-77,10,0,85.5
50,6,-72,10,0,86.4
50,7,-73,10,0,85.2
50,8,-75,10,0,87.3
50,9,-78,10,0,88.2
50,10,-76,10,0,87
50,11,-85,10,0,86.1
50,12,-90,20,0,84.6
50,13,-85,10,0,87
50,14,-73,10,0,87.9
50,15,-87,20,0,87
50,16,-78,10,0,86.1
50,17,-83,10,0,85.8
50,18,-88,20,0,85.5
50,19,-89,20,0,86.4
51,0,-77,10,0,86.5
51,1,-76,10,0,84.4
51,2,-71,10,0,86.2
51,3,-76,10,0,86.8
51,4,-89,20,0,85
51,5,-71,10,0,85.3
51,6,-85,10,0,86.2
51,7,-73,10,0,85
51,8,-76,10,0,87.1
51,9,-89,20,0,87.7
51,10,-88,20,0,86.5
51,11,-78,10,0,85.9
51,12,-89,20,0,84.1
51,13,-74,10,0,86.8
51,14,-78,10,0,87.7
51,15,-80,10,0,86.8
51,16,-88,20,0,85.6
51,17,-88,20,0,85.3
51,18,-71,10,0,85.3
51,19,-73,10,0,86.2
52,0,-76,10,0,86.3
52,1,-77,10,0,84.2
52,2,-75,10,0,86
52,3,-84,10,0,86.6
52,4,-79,10,0,84.8
52,5,-86,20,0,84.8
52,6,-80,10,0,86
52,7,-87,20,0,84.5
52,8,-79,10,0,86.9
52,9,-78,10,0,87.5
52,10,-73,10,0,86.3
52,11,-73,10,0,85.7
52,12,-71,10,0,83.9
52,13,-82,10,0,86.6
52,14,-79,10,0,87.5
52,15,-90,20,0,86.3
52,16,-83,10,0,85.4
52,17,-74,10,0,85.1
52,18,-80,10,0,85.1
52,19,-89,20,0,85.7
53,0,-80,10,0,86.1
53,1,-78,10,0,84
53,2,-85,10,0,85.8
53,3,-79,10,0,86.4
53,4,-81,10,0,84.6
53,5,-73,10,0,84.6
53,6,-89,20,0,85.5
53,7,-87,20,0,84
53,8,-79,10,0,86.7
53,9,-78,10,0,87.3
53,10,-90,20,0,85.8
53,11,-84,10,0,85.5
53,12,-72,10,0,83.7
53,13,-83,10,0,86.4
53,14,-86,20,0,87
53,15,-81,10,0,86.1
53,16,-78,10,0,85.2
53,17,-76,10,0,84.9
53,18,-86,20,0,84.6
53,19,-75,10,0,85.5
54,0,-71,10,0,85.9
54,1,-89,20,0,83.5
54,2,-78,10,0,85.6
54,3,-72,10,0,86.2
54,4,-81,10,0,84.4
54,5,-74,10,0,84.4
54,6,-80,10,0,85.3
54,7,-74,10,0,83.8
54,8,-86,20,0,86.2
54,9,-90,20,0,86.8
54,10,-81,10,0,85.6
54,11,-76,10,0,85.3
54,12,-85,10,0,83.5
54,13,-76,10,0,86.2
54,14,-84,10,0,86.8
54,15,-84,10,0,85.9
54,16,-87,20,0,84.7
54,17,-71,10,0,84.7
54,18,-81,10,0,84.4
54,19,-75,10,0,85.3
55,0,-78,10,0,85.7
55,1,-89,20,0,83
55,2,-77,10,0,85.4
55,3,-80,10,0,86
55,4,-81,10,0,84.2
55,5,-81,10,0,84.2
55,6,-79,10,0,85.1
55,7,-77,10,0,83.6
55,8,-86,20,0,85.7
55,9,-75,10,0,86.6
55,10,-82,10,0,85.4
55,11,-75,10,0,85.1
55,12,-73,10,0,83.3
55,13,-77,10,0,86
55,14,-77,10,0,86.6
55,15,-72,10,0,85.7
55,16,-81,10,0,84.5
55,17,-75,10,0,84.5
55,18,-75,10,0,84.2
55,19,-77,10,0,85.1
56,0,-82,10,0,85.5
56,1,-74,10,0,82.8
56,2,-90,20,0,84.9
56,3,-77,10,0,85.8
56,4,-87,20,0,83.7
56,5,-84,10,0,84
56,6,-79,10,0,84.9
56,7,-72,10,0,83.4
56,8,-73,10,0,85.5
56,9,-90,20,0,86.1
56,10,-85,10,0,85.2
56,11,-89,20,0,84.6
56,12,-89,20,0,82.8
56,13,-80,10,0,85.8
56,14,-87,20,0,86.1
56,15,-80,10,0,85.5
56,16,-90,20,0,84
56,17,-76,10,0,84.3
56,18,-75,10,0,84
56,19,-86,20,0,84.6
57,0,-88,20,0,85
57,1,-86,20,0,82.3
57,2,-71,10,0,84.7
57,3,-71,10,0,85.6
57,4,-81,10,0,83.5
57,5,-86,20,0,83.5
57,6,-81,10,0,84.7
57,7,-72,10,0,83.2
57,8,-79,10,0,85.3
57,9,-74,10,0,85.9
57,10,-87,20,0,84.7
57,11,-71,10,0,84.4
57,12,-77,10,0,82.6
57,13,-87,20,0,85.3
57,14,-86,20,0,85.6
57,15,-74,10,0,85.3
57,16,-89,20,0,83.5
57,17,-75,10,0,84.1
57,18,-84,10,0,83.8
57,19,-79,10,0,84.4
58,0,-83,10,0,84.8
58,1,-78,10,0,82.1
58,2,-78,10,0,84.5
58,3,-81,10,0,85.4
58,4,-88,20,0,83
58,5,-82,10,0,83.3
58,6,-79,10,0,84.5
58,7,-88,20,0,82.7
58,8,-76,10,0,85.1
58,9,-83,10,0,85.7
58,10,-72,10,0,84.5
58,11,-74,10,0,84.2
58,12,-87,20,0,82.1
58,13,-73,10,0,85.1
58,14,-83,10,0,85.4
58,15,-78,10,0,85.1
58,16,-77,10,0,83.3
58,17,-73,10,0,83.9
58,18,-88,20,0,83.3
58,19,-85,10,0,84.2
59,0,-77,10,0,84.6
59,1,-73,10,0,81.9
59,2,-74,10,0,84.3
59,3,-72,10,0,85.2
59,4,-89,20,0,82.5
59,5,-77,10,0,83.1
59,6,-84,10,0,84.3
59,7,-76,10,0,82.5
59,8,-90,20,0,84.6
59,9,-77,10,0,85.5
59,10,-85,10,0,84.3
59,11,-82,10,0,84
59,12,-85,10,0,81.9
59,13,-80,10,0,84.9
59,14,-81,10,0,85.2
59,15,-71,10,0,84.9
59,16,-72,10,0,83.1
59,17,-90,20,0,83.4
59,18,-88,20,0,82.8
59,19,-86,20,0,83.7
60,0,-71,10,0,84.4
60,1,-90,20,0,81.4
60,2,-89,20,0,83.8
60,3,-88,20,0,84.7
60,4,-80,10,0,82.3
60,5,-90,20,0,82.6
60,6,-84,10,0,84.1
60,7,-87,20,0,82
60,8,-81,10,0,84.4
60,9,-90,20,0,85
60,10,-82,10,0,84.1
60,11,-87,20,0,83.5
60,12,-72,10,0,81.7
60,13,-73,10,0,84.7
60,14,-77,10,0,85
60,15,-79,10,0,84.7
60,16,-80,10,0,82.9
60,17,-90,20,0,82.9
60,18,-85,10,0,82.6
60,19,-80,10,0,83.5
61,0,-77,10,0,84.2
61,1,-79,10,0,81.2
61,2,-72,10,0,83.6
61,3,-80,10,0,84.5
61,4,-89,20,0,81.8
61,5,-83,10,0,82.4
61,6,-81,10,0,83.9
61,7,-79,10,0,81.8
61,8,-90,20,0,83.9
61,9,-87,20,0,84.5
61,10,-75,10,0,83.9
61,11,-71,10,0,83.3
61,12,-86,20,0,81.2
61,13,-82,10,0,84.5
61,14,-76,10,0,84.8
61,15,-84,10,0,84.5
61,16,-81,10,0,82.7
61,17,-78,10,0,82.7
61,18,-81,10,0,82.4
61,19,-80,10,0,83.3
62,0,-77,10,0,84
62,1,-80,10,0,81
62,2,-77,10,0,83.4
62,3,-87,20,0,84
62,4,-83,10,0,81.6
62,5,-71,10,0,82.2
62,6,-76,10,0,83.7
62,7,-81,10,0,81.6
62,8,-71,10,0,83.7
62,9,-79,10,0,84.3
62,10,-71,10,0,83.7
62,11,-86,20,0,82.8
62,12,-88,20,0,80.7
62,13,-80,10,0,84.3
62,14,-84,10,0,84.6
62,15,-75,10,0,84.3
62,16,-81,10,0,82.5
62,17,-75,10,0,82.5
62,18,-84,10,0,82.2
62,19,-89,20,0,82.8
63,0,-79,10,0,83.8
63,1,-76,10,0,80.8
63,2,-77,10,0,83.2
63,3,-83,10,0,83.8
63,4,-88,20,0,81.1
63,5,-83,10,0,82
63,6,-77,10,0,83.5
63,7,-87,20,0,81.1
63,8,-71,10,0,83.5
63,9,-88,20,0,83.8
63,10,-76,10,0,83.5
63,11,-86,20,0,82.3
63,12,-86,20,0,80.2
63,13,-71,10,0,84.1
63,14,-71,10,0,84.4
63,15,-87,20,0,83.8
63,16,-72,10,0,82.3
63,17,-77,10,0,82.3
63,18,-78,10,0,82
63,19,-81,10,0,82.6
64,0,-85,10,0,83.6
64,1,-86,20,0,80.3
64,2,-77,10,0,83
64,3,-71,10,0,83.6
64,4,-76,10,0,80.9
64,5,-71,10,0,81.8
64,6,-75,10,0,83.3
64,7,-75,10,0,80.9
64,8,-83,10,0,83.3
64,9,-77,10,0,83.6
64,10,-81,10,0,83.3
64,11,-80,10,0,82.1
64,12,-83,10,0,80
64,13,-88,20,0,83.6
64,14,-73,10,0,84.2
64,15,-88,20,0,83.3
64,16,-81,10,0,82.1
64,17,-80,10,0,82.1
64,18,-85,10,0,81.8
64,19,-90,20,0,82.1
65,0,-86,20,0,83.1
65,1,-79,10,0,80.1
65,2,-73,10,0,82.8
65,3,-81,10,0,83.4
65,4,-87,20,0,80.4
65,5,-74,10,0,81.6
65,6,-78,10,0,83.1
65,7,-89,20,0,80.4
65,8,-88,20,0,82.8
65,9,-85,10,0,83.4
65,10,-87,20,0,82.8
65,11,-71,10,0,81.9
65,12,-89,20,0,79.5
65,13,-82,10,0,83.4
65,14,-72,10,0,84
65,15,-83,10,0,83.1
65,16,-90,20,0,81.6
65,17,-85,10,0,81.9
65,18,-88,20,0,81.3
65,19,-83,10,0,81.9
66,0,-71,10,0,82.9
66,1,-79,10,0,79.9
66,2,-81,10,0,82.6
66,3,-84,10,0,83.2
66,4,-77,10,0,80.2
66,5,-84,10,0,81.4
66,6,-82,10,0,82.9
66,7,-76,10,0,80.2
66,8,-74,10,0,82.6
66,9,-84,10,0,83.2
66,10,-83,10,0,82.6
66,11,-78,10,0,81.7
66,12,-73,10,0,79.3
66,13,-86,20,0,82.9
66,14,-89,20,0,83.5
66,15,-90,20,0,82.6
66,16,-90,20,0,81.1
66,17,-84,10,0,81.7
66,18,-76,10,0,81.1
66,19,-76,10,0,81.7
67,0,-87,20,0,82.4
67,1,-73,10,0,79.7
67,2,-77,10,0,82.4
67,3,-86,20,0,82.7
67,4,-73,10,0,80
67,5,-78,10,0,81.2
67,6,-79,10,0,82.7
67,7,-73,10,0,80
67,8,-81,10,0,82.4
67,9,-85,10,0,83
67,10,-74,10,0,82.4
67,11,-82,10,0,81.5
67,12,-81,10,0,79.1
67,13,-85,10,0,82.7
67,14,-75,10,0,83.3
67,15,-88,20,0,82.1
67,16,-79,10,0,80.9
67,17,-75,10,0,81.5
67,18,-81,10,0,80.9
67,19,-71,10,0,81.5
68,0,-89,20,0,81.9
68,1,-74,10,0,79.5
68,2,-78,10,0,82.2
68,3,-79,10,0,82.5
68,4,-90,20,0,79.5
68,5,-85,10,0,81
68,6,-87,20,0,82.2
68,7,-78,10,0,79.8
68,8,-79,10,0,82.2
68,9,-81,10,0,82.8
68,10,-83,10,0,82.2
68,11,-84,10,0,81.3
68,12,-72,10,0,78.9
68,13,-78,10,0,82.5
68,14,-80,10,0,83.1
68,15,-74,10,0,81.9
68,16,-86,20,0,80.4
68,17,-77,10,0,81.3
68,18,-77,10,0,80.7
68,19,-84,10,0,81.3
69,0,-71,10,0,81.7
69,1,-80,10,0,79.3
69,2,-76,10,0,82
69,3,-82,10,0,82.3
69,4,-75,10,0,79.3
69,5,-89,20,0,80.5
69,6,-88,20,0,81.7
69,7,-71,10,0,79.6
69,8,-73,10,0,82
69,9,-87,20,0,82.3
69,10,-72,10,0,82
69,11,-80,10,0,81.1
69,12,-71,10,0,78.7
69,13,-88,20,0,82
69,14,-77,10,0,82.9
69,15,-79,10,0,81.7
69,16,-82,10,0,80.2
69,17,-73,10,0,81.1
69,18,-86,20,0,80.2
69,19,-79,10,0,81.1
70,0,-84,10,0,81.5
70,1,-87,20,0,78.8
70,2,-72,10,0,81.8
70,3,-85,10,0,82.1
70,4,-75,10,0,79.1
70,5,-90,20,0,80
70,6,-89,20,0,81.2
70,7,-78,10,0,79.4
70,8,-84,10,0,81.8
70,9,-76,10,0,82.1
70,10,-72,10,0,81.8
70,11,-85,10,0,80.9
70,12,-74,10,0,78.5
70,13,-78,10,0,81.8
70,14,-85,10,0,82.7
70,15,-78,10,0,81.5
70,16,-84,10,0,80
70,17,-71,10,0,80.9
70,18,-79,10,0,80
70,19,-87,20,0,80.6
71,0,-87,20,0,81
71,1,-89,20,0,78.3
71,2,-85,10,0,81.6
71,3,-88,20,0,81.6
71,4,-74,10,0,78.9
71,5,-71,10,0,79.8
71,6,-76,10,0,81
71,7,-86,20,0,78.9
71,8,-74,10,0,81.6
71,9,-80,10,0,81.9
71,10,-83,10,0,81.6
71,11,-76,10,0,80.7
71,12,-77,10,0,78.3
71,13,-73,10,0,81.6
71,14,-71,10,0,82.5
71,15,-90,20,0,81
71,16,-80,10,0,79.8
71,17,-78,10,0,80.7
71,18,-78,10,0,79.8
71,19,-74,10,0,80.4
72,0,-71,10,0,80.8
72,1,-80,10,0,78.1
72,2,-77,10,0,81.4
72,3,-75,10,0,81.4
72,4,-75,10,0,78.7
72,5,-72,10,0,79.6
72,6,-83,10,0,80.8
72,7,-89,20,0,78.4
72,8,-73,10,0,81.4
72,9,-80,10,0,81.7
72,10,-74,10,0,81.4
72,11,-90,20,0,80.2
72,12,-86,20,0,77.8
72,13,-89,20,0,81.1
72,14,-87,20,0,82
72,15,-90,20,0,80.5
72,16,-78,10,0,79.6
72,17,-81,10,0,80.5
72,18,-74,10,0,79.6
72,19,-90,20,0,79.9
73,0,-71,10,0,80.6
73,1,-87,20,0,77.6
73,2,-75,10,0,81.2
73,3,-86,20,0,80.9
73,4,-77,10,0,78.5
73,5,-84,10,0,79.4
73,6,-86,20,0,80.3
73,7,-87,20,0,77.9
73,8,-79,10,0,81.2
73,9,-81,10,0,81.5
73,10,-79,10,0,81.2
73,11,-80,10,0,80
73,12,-71,10,0,77.6
73,13,-86,20,0,80.6
73,14,-85,10,0,81.8
73,15,-84,10,0,80.3
73,16,-88,20,0,79.1
73,17,-85,10,0,80.3
73,18,-71,10,0,79.4
73,19,-79,10,0,79.7
74,0,-83,10,0,80.4
74,1,-83,10,0,77.4
74,2,-86,20,0,80.7
74,3,-79,10,0,80.7
74,4,-89,20,0,78
74,5,-71,10,0,79.2
74,6,-79,10,0,80.1
74,7,-77,10,0,77.7
74,8,-82,10,0,81
74,9,-83,10,0,81.3
74,10,-76,10,0,81
74,11,-71,10,0,79.8
74,12,-87,20,0,77.1
74,13,-89,20,0,80.1
74,14,-87,20,0,81.3
74,15,-82,10,0,80.1
74,16,-83,10,0,78.9
74,17,-71,10,0,80.1
74,18,-87,20,0,78.9
74,19,-72,10,0,79.5
75,0,-82,10,0,80.2
75,1,-76,10,0,77.2
75,2,-90,20,0,80.2
75,3,-90,20,0,80.2
75,4,-72,10,0,77.8
75,5,-84,10,0,79
75,6,-72,10,0,79.9
75,7,-78,10,0,77.5
75,8,-87,20,0,80.5
75,9,-72,10,0,81.1
75,10,-75,10,0,80.8
75,11,-80,10,0,79.6
75,12,-85,10,0,76.9
75,13,-71,10,0,79.9
75,14,-88,20,0,80.8
75,15,-84,10,0,79.9
75,16,-72,10,0,78.7
75,17,-85,10,0,79.9
75,18,-78,10,0,78.7
75,19,-72,10,0,79.3
76,0,-77,10,0,80
76,1,-84,10,0,77
76,2,-73,10,0,80
76,3,-82,10,0,80
76,4,-83,10,0,77.6
76,5,-78,10,0,78.8
76,6,-74,10,0,79.7
76,7,-84,10,0,77.3
76,8,-78,10,0,80.3
76,9,-71,10,0,80.9
76,10,-73,10,0,80.6
76,11,-90,20,0,79.1
76,12,-77,10,0,76.7
76,13,-73,10,0,79.7
76,14,-78,10,0,80.6
76,15,-87,20,0,79.4
76,16,-75,10,0,78.5
76,17,-79,10,0,79.7
76,18,-83,10,0,78.5
76,19,-72,10,0,79.1
77,0,-81,10,0,79.8
77,1,-76,10,0,76.8
77,2,-89,20,0,79.5
77,3,-84,10,0,79.8
77,4,-76,10,0,77.4
77,5,-87,20,0,78.3
77,6,-85,10,0,79.5
77,7,-86,20,0,76.8
77,8,-82,10,0,80.1
77,9,-73,10,0,80.7
77,10,-87,20,0,80.1
77,11,-77,10,0,78.9
77,12,-75,10,0,76.5
77,13,-90,20,0,79.2
77,14,-89,20,0,80.1
77,15,-76,10,0,79.2
77,16,-85,10,0,78.3
77,17,-73,10,0,79.5
77,18,-90,20,0,78
77,19,-73,10,0,78.9
78,0,-82,10,0,79.6
78,1,-81,10,0,76.6
78,2,-81,10,0,79.3
78,3,-77,10,0,79.6
78,4,-71,10,0,77.2
78,5,-76,10,0,78.1
78,6,-74,10,0,79.3
78,7,-76,10,0,76.6
78,8,-85,10,0,79.9
78,9,-75,10,0,80.5
78,10,-85,10,0,79.9
78,11,-84,10,0,78.7
78,12,-80,10,0,76.3
78,13,-84,10,0,79
78,14,-78,10,0,79.9
78,15,-74,10,0,79
78,16,-81,10,0,78.1
78,17,-81,10,0,79.3
78,18,-78,10,0,77.8
78,19,-81,10,0,78.7
79,0,-84,10,0,79.4
79,1,-75,10,0,76.4
79,2,-75,10,0,79.1
79,3,-77,10,0,79.4
79,4,-82,10,0,77
79,5,-74,10,0,77.9
79,6,-83,10,0,79.1
79,7,-77,10,0,76.4
79,8,-84,10,0,79.7
79,9,-90,20,0,80
79,10,-88,20,0,79.4
79,11,-84,10,0,78.5
79,12,-81,10,0,76.1
79,13,-87,20,0,78.5
79,14,-90,20,0,79.4
79,15,-82,10,0,78.8
79,16,-73,10,0,77.9
79,17,-74,10,0,79.1
79,18,-75,10,0,77.6
79,19,-88,20,0,78.2
80,0,-86,20,0,78.9
80,1,-90,20,0,75.9
80,2,-90,20,0,78.6
80,3,-84,10,0,79.2
80,4,-72,10,0,76.8
80,5,-85,10,0,77.7
80,6,-76,10,0,78.9
80,7,-71,10,0,76.2
80,8,-76,10,0,79.5
80,9,-84,10,0,79.8
80,10,-82,10,0,79.2
80,11,-77,10,0,78.3
80,12,-88,20,0,75.6
80,13,-87,20,0,78
80,14,-84,10,0,79.2
80,15,-88,20,0,78.3
80,16,-78,10,0,77.7
80,17,-76,10,0,78.9
80,18,-83,10,0,77.4
80,19,-80,10,0,78
81,0,-76,10,0,78.7
81,1,-81,10,0,75.7
81,2,-74,10,0,78.4
81,3,-75,10,0,79
81,4,-86,20,0,76.3
81,5,-74,10,0,77.5
81,6,-86,20,0,78.4
81,7,-88,20,0,75.7
81,8,-85,10,0,79.3
81,9,-79,10,0,79.6
81,10,-74,10,0,79
81,11,-89,20,0,77.8
81,12,-87,20,0,75.1
81,13,-73,10,0,77.8
81,14,-83,10,0,79
81,15,-89,20,0,77.8
81,16,-88,20,0,77.2
81,17,-89,20,0,78.4
81,18,-90,20,0,76.9
81,19,-82,10,0,77.8
82,0,-71,10,0,78.5
82,1,-90,20,0,75.2
82,2,-89,20,0,77.9
82,3,-77,10,0,78.8
82,4,-86,20,0,75.8
82,5,-82,10,0,77.3
82,6,-75,10,0,78.2
82,7,-82,10,0,75.5
82,8,-88,20,0,78.8
82,9,-88,20,0,79.1
82,10,-80,10,0,78.8
82,11,-74,10,0,77.6
82,12,-87,20,0,74.6
82,13,-84,10,0,77.6
82,14,-79,10,0,78.8
82,15,-90,20,0,77.3
82,16,-75,10,0,77
82,17,-83,10,0,78.2
82,18,-76,10,0,76.7
82,19,-78,10,0,77.6
83,0,-80,10,0,78.3
83,1,-80,10,0,75
83,2,-77,10,0,77.7
83,3,-77,10,0,78.6
83,4,-71,10,0,75.6
83,5,-90,20,0,76.8
83,6,-76,10,0,78
83,7,-77,10,0,75.3
83,8,-77,10,0,78.6
83,9,-76,10,0,78.9
83,10,-88,20,0,78.3
83,11,-86,20,0,77.1
83,12,-75,10,0,74.4
83,13,-87,20,0,77.1
83,14,-72,10,0,78.6
83,15,-79,10,0,77.1
83,16,-79,10,0,76.8
83,17,-77,10,0,78
83,18,-79,10,0,76.5
83,19,-85,10,0,77.4
84,0,-82,10,0,78.1
84,1,-89,20,0,74.5
84,2,-77,10,0,77.5
84,3,-87,20,0,78.1
84,4,-71,10,0,75.4
84,5,-73,10,0,76.6
84,6,-75,10,0,77.8
84,7,-76,10,0,75.1
84,8,-86,20,0,78.1
84,9,-81,10,0,78.7
84,10,-84,10,0,78.1
84,11,-83,10,0,76.9
84,12,-78,10,0,74.2
84,13,-79,10,0,76.9
84,14,-90,20,0,78.1
84,15,-79,10,0,76.9
84,16,-87,20,0,76.3
84,17,-83,10,0,77.8
84,18,-73,10,0,76.3
84,19,-74,10,0,77.2
85,0,-77,10,0,77.9
85,1,-71,10,0,74.3
85,2,-89,20,0,77
85,3,-90,20,0,77.6
85,4,-76,10,0,75.2
85,5,-79,10,0,76.4
85,6,-79,10,0,77.6
85,7,-72,10,0,74.9
85,8,-74,10,0,77.9
85,9,-76,10,0,78.5
85,10,-87,20,0,77.6
85,11,-86,20,0,76.4
85,12,-83,10,0,74
85,13,-73,10,0,76.7
85,14,-90,20,0,77.6
85,15,-83,10,0,76.7
85,16,-76,10,0,76.1
85,17,-75,10,0,77.6
85,18,-77,10,0,76.1
85,19,-80,10,0,77
86,0,-73,10,0,77.7
86,1,-78,10,0,74.1
86,2,-81,10,0,76.8
86,3,-81,10,0,77.4
86,4,-87,20,0,74.7
86,5,-80,10,0,76.2
86,6,-78,10,0,77.4
86,7,-83,10,0,74.7
86,8,-81,10,0,77.7
86,9,-81,10,0,78.3
86,10,-75,10,0,77.4
86,11,-88,20,0,75.9
86,12,-90,20,0,73.5
86,13,-82,10,0,76.5
86,14,-87,20,0,77.1
86,15,-75,10,0,76.5
86,16,-71,10,0,75.9
86,17,-84,10,0,77.4
86,18,-85,10,0,75.9
86,19,-74,10,0,76.8
87,0,-77,10,0,77.5
87,1,-90,20,0,73.6
87,2,-78,10,0,76.6
87,3,-90,20,0,76.9
87,4,-73,10,0,74.5
87,5,-86,20,0,75.7
87,6,-83,10,0,77.2
87,7,-87,20,0,74.2
87,8,-90,20,0,77.2
87,9,-89,20,0,77.8
87,10,-84,10,0,77.2
87,11,-73,10,0,75.7
87,12,-85,10,0,73.3
87,13,-83,10,0,76.3
87,14,-72,10,0,76.9
87,15,-82,10,0,76.3
87,16,-81,10,0,75.7
87,17,-80,10,0,77.2
87,18,-83,10,0,75.7
87,19,-72,10,0,76.6
88,0,-90,20,0,77
88,1,-87,20,0,73.1
88,2,-89,20,0,76.1
88,3,-90,20,0,76.4
88,4,-87,20,0,74
88,5,-74,10,0,75.5
88,6,-83,10,0,77
88,7,-87,20,0,73.7
88,8,-88,20,0,76.7
88,9,-78,10,0,77.6
88,10,-79,10,0,77
88,11,-75,10,0,75.5
88,12,-77,10,0,73.1
88,13,-87,20,0,75.8
88,14,-82,10,0,76.7
88,15,-88,20,0,75.8
88,16,-82,10,0,75.5
88,17,-75,10,0,77
88,18,-72,10,0,75.5
88,19,-90,20,0,76.1
89,0,-82,10,0,76.8
89,1,-74,10,0,72.9
89,2,-81,10,0,75.9
89,3,-77,10,0,76.2
89,4,-87,20,0,73.5
89,5,-83,10,0,75.3
89,6,-76,10,0,76.8
89,7,-77,10,0,73.5
89,8,-73,10,0,76.5
89,9,-89,20,0,77.1
89,10,-87,20,0,76.5
89,11,-81,10,0,75.3
89,12,-74,10,0,72.9
89,13,-86,20,0,75.3
89,14,-88,20,0,76.2
89,15,-90,20,0,75.3
89,16,-78,10,0,75.3
89,17,-81,10,0,76.8
89,18,-75,10,0,75.3
89,19,-83,10,0,75.9
90,0,-76,10,0,76.6
90,1,-84,10,0,72.7
90,2,-76,10,0,75.7
90,3,-71,10,0,76
90,4,-89,20,0,73
90,5,-88,20,0,74.8
90,6,-77,10,0,76.6
90,7,-89,20,0,73
90,8,-72,10,0,76.3
90,9,-79,10,0,76.9
90,10,-77,10,0,76.3
90,11,-72,10,0,75.1
90,12,-71,10,0,72.7
90,13,-88,20,0,74.8
90,14,-86,20,0,75.7
90,15,-75,10,0,75.1
90,16,-89,20,0,74.8
90,17,-80,10,0,76.6
90,18,-90,20,0,74.8
90,19,-79,10,0,75.7
91,0,-87,20,0,76.1
91,1,-87,20,0,72.2
91,2,-90,20,0,75.2
91,3,-90,20,0,75.5
91,4,-90,20,0,72.5
91,5,-88,20,0,74.3
91,6,-78,10,0,76.4
91,7,-78,10,0,72.8
91,8,-86,20,0,75.8
91,9,-83,10,0,76.7
91,10,-71,10,0,76.1
91,11,-72,10,0,74.9
91,12,-85,10,0,72.5
91,13,-76,10,0,74.6
91,14,-73,10,0,75.5
91,15,-72,10,0,74.9
91,16,-74,10,0,74.6
91,17,-80,10,0,76.4
91,18,-90,20,0,74.3
91,19,-84,10,0,75.5
92,0,-76,10,0,75.9
92,1,-77,10,0,72
92,2,-73,10,0,75
92,3,-85,10,0,75.3
92,4,-82,10,0,72.3
92,5,-89,20,0,73.8
92,6,-90,20,0,75.9
92,7,-81,10,0,72.6
92,8,-87,20,0,75.3
92,9,-90,20,0,76.2
92,10,-78,10,0,75.9
92,11,-84,10,0,74.7
92,12,-86,20,0,72
92,13,-77,10,0,74.4
92,14,-72,10,0,75.3
92,15,-74,10,0,74.7
92,16,-83,10,0,74.4
92,17,-80,10,0,76.2
92,18,-82,10,0,74.1
92,19,-79,10,0,75.3
93,0,-81,10,0,75.7
93,1,-82,10,0,71.8
93,2,-89,20,0,74.5
93,3,-84,10,0,75.1
93,4,-76,10,0,72.1
93,5,-72,10,0,73.6
93,6,-85,10,0,75.7
93,7,-80,10,0,72.4
93,8,-89,20,0,74.8
93,9,-85,10,0,76
93,10,-81,10,0,75.7
93,11,-83,10,0,74.5
93,12,-80,10,0,71.8
93,13,-84,10,0,74.2
93,14,-78,10,0,75.1
93,15,-72,10,0,74.5
93,16,-71,10,0,74.2
93,17,-85,10,0,76
93,18,-90,20,0,73.6
93,19,-88,20,0,74.8
94,0,-73,10,0,75.5
94,1,-78,10,0,71.6
94,2,-82,10,0,74.3
94,3,-89,20,0,74.6
94,4,-73,10,0,71.9
94,5,-83,10,0,73.4
94,6,-81,10,0,75.5
94,7,-73,10,0,72.2
94,8,-81,10,0,74.6
94,9,-72,10,0,75.8
94,10,-82,10,0,75.5
94,11,-71,10,0,74.3
94,12,-72,10,0,71.6
94,13,-80,10,0,74
94,14,-85,10,0,74.9
94,15,-78,10,0,74.3
94,16,-90,20,0,73.7
94,17,-88,20,0,75.5
94,18,-76,10,0,73.4
94,19,-77,10,0,74.6
95,0,-83,10,0,75.3
95,1,-87,20,0,71.1
95,2,-90,20,0,73.8
95,3,-80,10,0,74.4
95,4,-89,20,0,71.4
95,5,-85,10,0,73.2
95,6,-82,10,0,75.3
95,7,-90,20,0,71.7
95,8,-80,10,0,74.4
95,9,-90,20,0,75.3
95,10,-76,10,0,75.3
95,11,-83,10,0,74.1
95,12,-85,10,0,71.4
95,13,-87,20,0,73.5
95,14,-89,20,0,74.4
95,15,-76,10,0,74.1
95,16,-88,20,0,73.2
95,17,-80,10,0,75.3
95,18,-79,10,0,73.2
95,19,-87,20,0,74.1
96,0,-90,20,0,74.8
96,1,-90,20,0,70.6
96,2,-76,10,0,73.6
96,3,-72,10,0,74.2
96,4,-88,20,0,70.9
96,5,-78,10,0,73
96,6,-80,10,0,75.1
96,7,-88,20,0,71.2
96,8,-76,10,0,74.2
96,9,-85,10,0,75.1
96,10,-82,10,0,75.1
96,11,-76,10,0,73.9
96,12,-90,20,0,70.9
96,13,-82,10,0,73.3
96,14,-86,20,0,73.9
96,15,-88,20,0,73.6
96,16,-85,10,0,73
96,17,-86,20,0,74.8
96,18,-88,20,0,72.7
96,19,-83,10,0,73.9
97,0,-85,10,0,74.6
97,1,-73,10,0,70.4
97,2,-75,10,0,73.4
97,3,-88,20,0,73.7
97,4,-78,10,0,70.7
97,5,-82,10,0,72.8
97,6,-74,10,0,74.9
97,7,-84,10,0,71
97,8,-80,10,0,74
97,9,-90,20,0,74.6
97,10,-81,10,0,74.9
97,11,-79,10,0,73.7
97,12,-78,10,0,70.7
97,13,-74,10,0,73.1
97,14,-81,10,0,73.7
97,15,-76,10,0,73.4
97,16,-82,10,0,72.8
97,17,-78,10,0,74.6
97,18,-82,10,0,72.5
97,19,-88,20,0,73.4
98,0,-73,10,0,74.4
98,1,-82,10,0,70.2
98,2,-74,10,0,73.2
98,3,-73,10,0,73.5
98,4,-73,10,0,70.5
98,5,-90,20,0,72.3
98,6,-71,10,0,74.7
98,7,-76,10,0,70.8
98,8,-85,10,0,73.8
98,9,-76,10,0,74.4
98,10,-88,20,0,74.4
98,11,-88,20,0,73.2
98,12,-87,20,0,70.2
98,13,-81,10,0,72.9
98,14,-74,10,0,73.5
98,15,-75,10,0,73.2
98,16,-73,10,0,72.6
98,17,-86,20,0,74.1
98,18,-77,10,0,72.3
98,19,-71,10,0,73.2
99,0,-86,20,0,73.9
99,1,-76,10,0,70
99,2,-80,10,0,73
99,3,-74,10,0,73.3
99,4,-80,10,0,70.3
99,5,-78,10,0,72.1
99,6,-88,20,0,74.2
99,7,-72,10,0,70.6
99,8,-86,20,0,73.3
99,9,-87,20,0,73.9
99,10,-89,20,0,73.9
99,11,-89,20,0,72.7
99,12,-79,10,0,70
99,13,-81,10,0,72.7
99,14,-80,10,0,73.3
99,15,-90,20,0,72.7
99,16,-80,10,0,72.4
99,17,-88,20,0,73.6
99,18,-75,10,0,72.1
99,19,-83,10,0,73
100,0,-74,10,0,73.7
100,1,-81,10,0,69.8
100,2,-89,20,0,72.5
100,3,-71,10,0,73.1
100,4,-72,10,0,70.1
100,5,-73,10,0,71.9
100,6,-84,10,0,74
100,7,-75,10,0,70.4
100,8,-89,20,0,72.8
100,9,-79,10,0,73.7
100,10,-76,10,0,73.7
100,11,-72,10,0,72.5
100,12,-85,10,0,69.8
100,13,-73,10,0,72.5
100,14,-84,10,0,73.1
100,15,-74,10,0,72.5
100,16,-81,10,0,72.2
100,17,-89,20,0,73.1
100,18,-76,10,0,71.9
100,19,-77,10,0,72.8
101,0,-74,10,0,73.5
101,1,-83,10,0,69.6
101,2,-84,10,0,72.3
101,3,-71,10,0,72.9
101,4,-73,10,0,69.9
101,5,-74,10,0,71.7
101,6,-90,20,0,73.5
101,7,-71,10,0,70.2
101,8,-80,10,0,72.6
101,9,-83,10,0,73.5
101,10,-84,10,0,73.5
101,11,-84,10,0,72.3
101,12,-82,10,0,69.6
101,13,-83,10,0,72.3
101,14,-73,10,0,72.9
101,15,-84,10,0,72.3
101,16,-74,10,0,72
101,17,-75,10,0,72.9
101,18,-77,10,0,71.7
101,19,-73,10,0,72.6
102,0,-84,10,0,73.3
102,1,-71,10,0,69.4
102,2,-83,10,0,72.1
102,3,-78,10,0,72.7
102,4,-74,10,0,69.7
102,5,-76,10,0,71.5
102,6,-90,20,0,73
102,7,-73,10,0,70
102,8,-75,10,0,72.4
102,9,-76,10,0,73.3
102,10,-80,10,0,73.3
102,11,-79,10,0,72.1
102,12,-88,20,0,69.1
102,13,-82,10,0,72.1
102,14,-80,10,0,72.7
102,15,-79,10,0,72.1
102,16,-85,10,0,71.8
102,17,-88,20,0,72.4
102,18,-80,10,0,71.5
102,19,-83,10,0,72.4
103,0,-89,20,0,72.8
103,1,-74,10,0,69.2
103,2,-76,10,0,71.9
103,3,-81,10,0,72.5
103,4,-75,10,0,69.5
103,5,-87,20,0,71
103,6,-75,10,0,72.8
103,7,-79,10,0,69.8
103,8,-79,10,0,72.2
103,9,-90,20,0,72.8
103,10,-90,20,0,72.8
103,11,-73,10,0,71.9
103,12,-90,20,0,68.6
103,13,-82,10,0,71.9
103,14,-89,20,0,72.2
103,15,-74,10,0,71.9
103,16,-76,10,0,71.6
103,17,-89,20,0,71.9
103,18,-76,10,0,71.3
103,19,-81,10,0,72.2
104,0,-82,10,0,72.6
104,1,-74,10,0,69
104,2,-78,10,0,71.7
104,3,-88,20,0,72
104,4,-85,10,0,69.3
104,5,-88,20,0,70.5
104,6,-77,10,0,72.6
104,7,-88,20,0,69.3
104,8,-73,10,0,72
104,9,-87,20,0,72.3
104,10,-81,10,0,72.6
104,11,-80,10,0,71.7
104,12,-79,10,0,68.4
104,13,-75,10,0,71.7
104,14,-90,20,0,71.7
104,15,-84,10,0,71.7
104,16,-71,10,0,71.4
104,17,-83,10,0,71.7
104,18,-81,10,0,71.1
104,19,-88,20,0,71.7
105,0,-82,10,0,72.4
105,1,-81,10,0,68.8
105,2,-71,10,0,71.5
105,3,-82,10,0,71.8
105,4,-81,10,0,69.1
105,5,-77,10,0,70.3
105,6,-74,10,0,72.4
105,7,-87,20,0,68.8
105,8,-84,10,0,71.8
105,9,-80,10,0,72.1
105,10,-86,20,0,72.1
105,11,-76,10,0,71.5
105,12,-71,10,0,68.2
105,13,-74,10,0,71.5
105,14,-74,10,0,71.5
105,15,-86,20,0,71.2
105,16,-79,10,0,71.2
105,17,-81,10,0,71.5
105,18,-72,10,0,70.9
105,19,-90,20,0,71.2
106,0,-86,20,0,71.9
106,1,-71,10,0,68.6
106,2,-80,10,0,71.3
106,3,-75,10,0,71.6
106,4,-75,10,0,68.9
106,5,-80,10,0,70.1
106,6,-89,20,0,71.9
106,7,-84,10,0,68.6
106,8,-80,10,0,71.6
106,9,-88,20,0,71.6
106,10,-82,10,0,71.9
106,11,-72,10,0,71.3
106,12,-86,20,0,67.7
106,13,-71,10,0,71.3
106,14,-72,10,0,71.3
106,15,-77,10,0,71
106,16,-86,20,0,70.7
106,17,-76,10,0,71.3
106,18,-81,10,0,70.7
106,19,-79,10,0,71
107,0,-73,10,0,71.7
107,1,-85,10,0,68.4
107,2,-73,10,0,71.1
107,3,-74,10,0,71.4
107,4,-88,20,0,68.4
107,5,-76,10,0,69.9
107,6,-78,10,0,71.7
107,7,-85,10,0,68.4
107,8,-75,10,0,71.4
107,9,-80,10,0,71.4
107,10,-85,10,0,71.7
107,11,-78,10,0,71.1
107,12,-81,10,0,67.5
107,13,-83,10,0,71.1
107,14,-83,10,0,71.1
107,15,-74,10,0,70.8
107,16,-72,10,0,70.5
107,17,-89,20,0,70.8
107,18,-88,20,0,70.2
107,19,-90,20,0,70.5
108,0,-87,20,0,71.2
108,1,-88,20,0,67.9
108,2,-72,10,0,70.9
108,3,-83,10,0,71.2
108,4,-76,10,0,68.2
108,5,-74,10,0,69.7
108,6,-77,10,0,71.5
108,7,-72,10,0,68.2
108,8,-80,10,0,71.2
108,9,-76,10,0,71.2
108,10,-81,10,0,71.5
108,11,-83,10,0,70.9
108,12,-71,10,0,67.3
108,13,-83,10,0,70.9
108,14,-75,10,0,70.9
108,15,-89,20,0,70.3
108,16,-77,10,0,70.3
108,17,-83,10,0,70.6
108,18,-72,10,0,70
108,19,-90,20,0,70
109,0,-81,10,0,71
109,1,-75,10,0,67.7
109,2,-78,10,0,70.7
109,3,-79,10,0,71
109,4,-87,20,0,67.7
109,5,-78,10,0,69.5
109,6,-83,10,0,71.3
109,7,-77,10,0,68
109,8,-77,10,0,71
109,9,-88,20,0,70.7
109,10,-77,10,0,71.3
109,11,-82,10,0,70.7
109,12,-74,10,0,67.1
109,13,-79,10,0,70.7
109,14,-74,10,0,70.7
109,15,-80,10,0,70.1
109,16,-71,10,0,70.1
109,17,-89,20,0,70.1
109,18,-81,10,0,69.8
109,19,-89,20,0,69.5
110,0,-75,10,0,70.8
110,1,-80,10,0,67.5
110,2,-81,10,0,70.5
110,3,-76,10,0,70.8
110,4,-81,10,0,67.5
110,5,-74,10,0,69.3
110,6,-82,10,0,71.1
110,7,-88,20,0,67.5
110,8,-86,20,0,70.5
110,9,-84,10,0,70.5
110,10,-75,10,0,71.1
110,11,-77,10,0,70.5
110,12,-76,10,0,66.9
110,13,-83,10,0,70.5
110,14,-86,20,0,70.2
110,15,-73,10,0,69.9
110,16,-79,10,0,69.9
110,17,-86,20,0,69.6
110,18,-80,10,0,69.6
110,19,-86,20,0,69
111,0,-72,10,0,70.6
111,1,-87,20,0,67
111,2,-77,10,0,70.3
111,3,-76,10,0,70.6
111,4,-84,10,0,67.3
111,5,-89,20,0,68.8
111,6,-85,10,0,70.9
111,7,-85,10,0,67.3
111,8,-76,10,0,70.3
111,9,-84,10,0,70.3
111,10,-84,10,0,70.9
111,11,-81,10,0,70.3
111,12,-74,10,0,66.7
111,13,-83,10,0,70.3
111,14,-75,10,0,70
111,15,-84,10,0,69.7
111,16,-86,20,0,69.4
111,17,-87,20,0,69.1
111,18,-90,20,0,69.1
111,19,-90,20,0,68.5
112,0,-88,20,0,70.1
112,1,-75,10,0,66.8
112,2,-77,10,0,70.1
112,3,-82,10,0,70.4
112,4,-75,10,0,67.1
112,5,-80,10,0,68.6
112,6,-85,10,0,70.7
112,7,-84,10,0,67.1
112,8,-84,10,0,70.1
112,9,-83,10,0,70.1
112,10,-87,20,0,70.4
112,11,-86,20,0,69.8
112,12,-80,10,0,66.5
112,13,-82,10,0,70.1
112,14,-80,10,0,69.8
112,15,-82,10,0,69.5
112,16,-89,20,0,68.9
112,17,-75,10,0,68.9
112,18,-77,10,0,68.9
112,19,-75,10,0,68.3
113,0,-89,20,0,69.6
113,1,-79,10,0,66.6
113,2,-86,20,0,69.6
113,3,-80,10,0,70.2
113,4,-79,10,0,66.9
113,5,-79,10,0,68.4
113,6,-82,10,0,70.5
113,7,-75,10,0,66.9
113,8,-83,10,0,69.9
113,9,-82,10,0,69.9
113,10,-75,10,0,70.2
113,11,-89,20,0,69.3
113,12,-74,10,0,66.3
113,13,-90,20,0,69.6
113,14,-81,10,0,69.6
113,15,-79,10,0,69.3
113,16,-88,20,0,68.4
113,17,-76,10,0,68.7
113,18,-81,10,0,68.7
113,19,-90,20,0,67.8
114,0,-89,20,0,69.1
114,1,-86,20,0,66.1
114,2,-86,20,0,69.1
114,3,-87,20,0,69.7
114,4,-78,10,0,66.7
114,5,-75,10,0,68.2
114,6,-79,10,0,70.3
114,7,-77,10,0,66.7
114,8,-88,20,0,69.4
114,9,-74,10,0,69.7
114,10,-90,20,0,69.7
114,11,-74,10,0,69.1
114,12,-71,10,0,66.1
114,13,-74,10,0,69.4
114,14,-72,10,0,69.4
114,15,-80,10,0,69.1
114,16,-82,10,0,68.2
114,17,-84,10,0,68.5
114,18,-73,10,0,68.5
114,19,-75,10,0,67.6
115,0,-76,10,0,68.9
115,1,-86,20,0,65.6
115,2,-74,10,0,68.9
115,3,-80,10,0,69.5
115,4,-85,10,0,66.5
115,5,-85,10,0,68
115,6,-77,10,0,70.1
115,7,-71,10,0,66.5
115,8,-79,10,0,69.2
115,9,-75,10,0,69.5
115,10,-90,20,0,69.2
115,11,-86,20,0,68.6
115,12,-71,10,0,65.9
115,13,-74,10,0,69.2
115,14,-83,10,0,69.2
115,15,-86,20,0,68.6
115,16,-87,20,0,67.7
115,17,-80,10,0,68.3
115,18,-81,10,0,68.3
115,19,-84,10,0,67.4
116,0,-84,10,0,68.7
116,1,-80,10,0,65.4
116,2,-76,10,0,68.7
116,3,-85,10,0,69.3
116,4,-72,10,0,66.3
116,5,-78,10,0,67.8
116,6,-82,10,0,69.9
116,7,-84,10,0,66.3
116,8,-72,10,0,69
116,9,-85,10,0,69.3
116,10,-77,10,0,69
116,11,-86,20,0,68.1
116,12,-80,10,0,65.7
116,13,-89,20,0,68.7
116,14,-83,10,0,69
116,15,-83,10,0,68.4
116,16,-72,10,0,67.5
116,17,-90,20,0,67.8
116,18,-72,10,0,68.1
116,19,-81,10,0,67.2
117,0,-83,10,0,68.5
117,1,-72,10,0,65.2
117,2,-77,10,0,68.5
117,3,-71,10,0,69.1
117,4,-83,10,0,66.1
117,5,-78,10,0,67.6
117,6,-75,10,0,69.7
117,7,-80,10,0,66.1
117,8,-88,20,0,68.5
117,9,-86,20,0,68.8
117,10,-82,10,0,68.8
117,11,-90,20,0,67.6
117,12,-84,10,0,65.5
117,13,-88,20,0,68.2
117,14,-84,10,0,68.8
117,15,-85,10,0,68.2
117,16,-84,10,0,67.3
117,17,-84,10,0,67.6
117,18,-87,20,0,67.6
117,19,-86,20,0,66.7
118,0,-79,10,0,68.3
118,1,-73,10,0,65
118,2,-89,20,0,68
118,3,-77,10,0,68.9
118,4,-80,10,0,65.9
118,5,-82,10,0,67.4
118,6,-78,10,0,69.5
118,7,-81,10,0,65.9
118,8,-90,20,0,68
118,9,-79,10,0,68.6
118,10,-80,10,0,68.6
118,11,-82,10,0,67.4
118,12,-89,20,0,65
118,13,-74,10,0,68
118,14,-83,10,0,68.6
118,15,-82,10,0,68
118,16,-82,10,0,67.1
118,17,-88,20,0,67.1
118,18,-79,10,0,67.4
118,19,-87,20,0,66.2
119,0,-72,10,0,68.1
119,1,-71,10,0,64.8
119,2,-87,20,0,67.5
119,3,-85,10,0,68.7
119,4,-76,10,0,65.7
119,5,-89,20,0,66.9
119,6,-88,20,0,69
119,7,-78,10,0,65.7
119,8,-83,10,0,67.8
119,9,-73,10,0,68.4
119,10,-81,10,0,68.4
119,11,-79,10,0,67.2
119,12,-76,10,0,64.8
119,13,-80,10,0,67.8
119,14,-86,20,0,68.1
119,15,-73,10,0,67.8
119,16,-72,10,0,66.9
119,17,-73,10,0,66.9
119,18,-84,10,0,67.2
119,19,-72,10,0,66
